registry_id,namespace,block_class,has_block_item,hardness,requires_correct_tool,state_count,coverage_category,classification,classification_provenance,material,form,max_durability_default_state,durability_provenance,max_durability_all_states,effective_tools,tools_provenance,required_mining_tier,integrity_ownership,flags,issue
minecraft:coarse_dirt,minecraft,Block,true,0.5,false,1,UNRESOLVED_DESIGN,ORDINARY,FALLBACK,,,33.333332,FALLBACK,33.333332,SHOVEL,FALLBACK,0,POSITION,,"ledger: generic dirt-family 100 HP was suggested but not confirmed"
minecraft:podzol,minecraft,SnowyBlock,true,0.5,false,2,UNRESOLVED_DESIGN,ORDINARY,FALLBACK,,,33.333332,FALLBACK,33.333332,SHOVEL,FALLBACK,0,POSITION,,"ledger: generic dirt-family 100 HP was suggested but not confirmed"
minecraft:suspicious_sand,minecraft,BrushableBlock,true,0.25,false,4,UNRESOLVED_DESIGN,ORDINARY,FALLBACK,,,16.666666,FALLBACK,16.666666,SHOVEL,FALLBACK,0,POSITION,BLOCK_ENTITY,"ledger: inheriting Sand/Gravel 75 was proposed, not locked"
minecraft:suspicious_gravel,minecraft,BrushableBlock,true,0.25,false,4,UNRESOLVED_DESIGN,ORDINARY,FALLBACK,,,16.666666,FALLBACK,16.666666,SHOVEL,FALLBACK,0,POSITION,BLOCK_ENTITY,"ledger: inheriting Sand/Gravel 75 was proposed, not locked"
minecraft:mangrove_roots,minecraft,MangroveRootsBlock,true,0.7,false,2,UNRESOLVED_DESIGN,ORDINARY,FALLBACK,,,46.666664,FALLBACK,46.666664,AXE,FALLBACK,0,POSITION,,"no accepted ledger rule matches; compatibility fallback kept"
minecraft:muddy_mangrove_roots,minecraft,RotatedPillarBlock,true,0.7,false,3,UNRESOLVED_DESIGN,ORDINARY,FALLBACK,,,46.666664,FALLBACK,46.666664,SHOVEL,FALLBACK,0,POSITION,,"no accepted ledger rule matches; compatibility fallback kept"
minecraft:acacia_shelf,minecraft,ShelfBlock,true,2,false,64,UNRESOLVED_DESIGN,ORDINARY,FALLBACK,,,133.33333,FALLBACK,133.33333,AXE,FALLBACK,0,POSITION,BLOCK_ENTITY,"no accepted ledger rule matches; compatibility fallback kept"
minecraft:bamboo_shelf,minecraft,ShelfBlock,true,2,false,64,UNRESOLVED_DESIGN,ORDINARY,FALLBACK,,,133.33333,FALLBACK,133.33333,AXE,FALLBACK,0,POSITION,BLOCK_ENTITY,"no accepted ledger rule matches; compatibility fallback kept"
minecraft:birch_shelf,minecraft,ShelfBlock,true,2,false,64,UNRESOLVED_DESIGN,ORDINARY,FALLBACK,,,133.33333,FALLBACK,133.33333,AXE,FALLBACK,0,POSITION,BLOCK_ENTITY,"no accepted ledger rule matches; compatibility fallback kept"
minecraft:cherry_shelf,minecraft,ShelfBlock,true,2,false,64,UNRESOLVED_DESIGN,ORDINARY,FALLBACK,,,133.33333,FALLBACK,133.33333,AXE,FALLBACK,0,POSITION,BLOCK_ENTITY,"no accepted ledger rule matches; compatibility fallback kept"
minecraft:crimson_shelf,minecraft,ShelfBlock,true,2,false,64,UNRESOLVED_DESIGN,ORDINARY,FALLBACK,,,133.33333,FALLBACK,133.33333,AXE,FALLBACK,0,POSITION,BLOCK_ENTITY,"no accepted ledger rule matches; compatibility fallback kept"
minecraft:dark_oak_shelf,minecraft,ShelfBlock,true,2,false,64,UNRESOLVED_DESIGN,ORDINARY,FALLBACK,,,133.33333,FALLBACK,133.33333,AXE,FALLBACK,0,POSITION,BLOCK_ENTITY,"no accepted ledger rule matches; compatibility fallback kept"
minecraft:jungle_shelf,minecraft,ShelfBlock,true,2,false,64,UNRESOLVED_DESIGN,ORDINARY,FALLBACK,,,133.33333,FALLBACK,133.33333,AXE,FALLBACK,0,POSITION,BLOCK_ENTITY,"no accepted ledger rule matches; compatibility fallback kept"
minecraft:mangrove_shelf,minecraft,ShelfBlock,true,2,false,64,UNRESOLVED_DESIGN,ORDINARY,FALLBACK,,,133.33333,FALLBACK,133.33333,AXE,FALLBACK,0,POSITION,BLOCK_ENTITY,"no accepted ledger rule matches; compatibility fallback kept"
minecraft:oak_shelf,minecraft,ShelfBlock,true,2,false,64,UNRESOLVED_DESIGN,ORDINARY,FALLBACK,,,133.33333,FALLBACK,133.33333,AXE,FALLBACK,0,POSITION,BLOCK_ENTITY,"no accepted ledger rule matches; compatibility fallback kept"
minecraft:pale_oak_shelf,minecraft,ShelfBlock,true,2,false,64,UNRESOLVED_DESIGN,ORDINARY,FALLBACK,,,133.33333,FALLBACK,133.33333,AXE,FALLBACK,0,POSITION,BLOCK_ENTITY,"no accepted ledger rule matches; compatibility fallback kept"
minecraft:spruce_shelf,minecraft,ShelfBlock,true,2,false,64,UNRESOLVED_DESIGN,ORDINARY,FALLBACK,,,133.33333,FALLBACK,133.33333,AXE,FALLBACK,0,POSITION,BLOCK_ENTITY,"no accepted ledger rule matches; compatibility fallback kept"
minecraft:warped_shelf,minecraft,ShelfBlock,true,2,false,64,UNRESOLVED_DESIGN,ORDINARY,FALLBACK,,,133.33333,FALLBACK,133.33333,AXE,FALLBACK,0,POSITION,BLOCK_ENTITY,"no accepted ledger rule matches; compatibility fallback kept"
minecraft:fire,minecraft,FireBlock,false,0,false,512,UNRESOLVED_DESIGN,SPECIAL,FALLBACK,,,,,,NONE,FALLBACK,0,POSITION,NO_BLOCKITEM,"no accepted ledger rule matches; compatibility fallback kept"
minecraft:soul_fire,minecraft,SoulFireBlock,false,0,false,1,UNRESOLVED_DESIGN,SPECIAL,FALLBACK,,,,,,NONE,FALLBACK,0,POSITION,NO_BLOCKITEM,"no accepted ledger rule matches; compatibility fallback kept"
minecraft:creaking_heart,minecraft,CreakingHeartBlock,true,10,false,18,UNRESOLVED_DESIGN,ORDINARY,FALLBACK,,,666.6666,FALLBACK,666.6666,AXE,FALLBACK,0,POSITION,BLOCK_ENTITY,"no accepted ledger rule matches; compatibility fallback kept"
minecraft:farmland,minecraft,FarmlandBlock,true,0.6,false,8,UNRESOLVED_DESIGN,ORDINARY,FALLBACK,,,40,FALLBACK,40,SHOVEL,FALLBACK,0,POSITION,,"ledger: generic dirt-family 100 HP was suggested but not confirmed"
minecraft:cactus_flower,minecraft,CactusFlowerBlock,true,0,false,1,UNRESOLVED_DESIGN,SPECIAL,FALLBACK,,,,,,NONE,FALLBACK,0,POSITION,,"no accepted ledger rule matches; compatibility fallback kept"
minecraft:copper_torch,minecraft,TorchBlock,true,0,false,1,UNRESOLVED_DESIGN,SPECIAL,FALLBACK,,,,,,NONE,FALLBACK,0,POSITION,,"no accepted ledger rule matches; compatibility fallback kept"
minecraft:copper_wall_torch,minecraft,WallTorchBlock,true,0,false,4,UNRESOLVED_DESIGN,SPECIAL,FALLBACK,,,,,,NONE,FALLBACK,0,POSITION,,"no accepted ledger rule matches; compatibility fallback kept"
minecraft:cake,minecraft,CakeBlock,true,0.5,false,7,UNRESOLVED_DESIGN,ORDINARY,FALLBACK,,,33.333332,FALLBACK,33.333332,NONE,FALLBACK,0,POSITION,,"no accepted ledger rule matches; compatibility fallback kept"
minecraft:copper_bars,minecraft,WeatheringCopperBarsBlock,true,5,true,32,UNRESOLVED_DESIGN,ORDINARY,FALLBACK,,,333.3333,FALLBACK,333.3333,PICKAXE,FALLBACK,1,POSITION,,"no accepted ledger rule matches; compatibility fallback kept"
minecraft:exposed_copper_bars,minecraft,WeatheringCopperBarsBlock,true,5,true,32,UNRESOLVED_DESIGN,ORDINARY,FALLBACK,,,333.3333,FALLBACK,333.3333,PICKAXE,FALLBACK,1,POSITION,,"no accepted ledger rule matches; compatibility fallback kept"
minecraft:weathered_copper_bars,minecraft,WeatheringCopperBarsBlock,true,5,true,32,UNRESOLVED_DESIGN,ORDINARY,FALLBACK,,,333.3333,FALLBACK,333.3333,PICKAXE,FALLBACK,1,POSITION,,"no accepted ledger rule matches; compatibility fallback kept"
minecraft:oxidized_copper_bars,minecraft,WeatheringCopperBarsBlock,true,5,true,32,UNRESOLVED_DESIGN,ORDINARY,FALLBACK,,,333.3333,FALLBACK,333.3333,PICKAXE,FALLBACK,1,POSITION,,"no accepted ledger rule matches; compatibility fallback kept"
minecraft:waxed_copper_bars,minecraft,IronBarsBlock,true,5,true,32,UNRESOLVED_DESIGN,ORDINARY,FALLBACK,,,333.3333,FALLBACK,333.3333,PICKAXE,FALLBACK,1,POSITION,,"no accepted ledger rule matches; compatibility fallback kept"
minecraft:waxed_exposed_copper_bars,minecraft,IronBarsBlock,true,5,true,32,UNRESOLVED_DESIGN,ORDINARY,FALLBACK,,,333.3333,FALLBACK,333.3333,PICKAXE,FALLBACK,1,POSITION,,"no accepted ledger rule matches; compatibility fallback kept"
minecraft:waxed_weathered_copper_bars,minecraft,IronBarsBlock,true,5,true,32,UNRESOLVED_DESIGN,ORDINARY,FALLBACK,,,333.3333,FALLBACK,333.3333,PICKAXE,FALLBACK,1,POSITION,,"no accepted ledger rule matches; compatibility fallback kept"
minecraft:waxed_oxidized_copper_bars,minecraft,IronBarsBlock,true,5,true,32,UNRESOLVED_DESIGN,ORDINARY,FALLBACK,,,333.3333,FALLBACK,333.3333,PICKAXE,FALLBACK,1,POSITION,,"no accepted ledger rule matches; compatibility fallback kept"
minecraft:copper_chain,minecraft,WeatheringCopperChainBlock,true,5,true,6,UNRESOLVED_DESIGN,ORDINARY,FALLBACK,,,333.3333,FALLBACK,333.3333,PICKAXE,FALLBACK,1,POSITION,,"no accepted ledger rule matches; compatibility fallback kept"
minecraft:exposed_copper_chain,minecraft,WeatheringCopperChainBlock,true,5,true,6,UNRESOLVED_DESIGN,ORDINARY,FALLBACK,,,333.3333,FALLBACK,333.3333,PICKAXE,FALLBACK,1,POSITION,,"no accepted ledger rule matches; compatibility fallback kept"
minecraft:weathered_copper_chain,minecraft,WeatheringCopperChainBlock,true,5,true,6,UNRESOLVED_DESIGN,ORDINARY,FALLBACK,,,333.3333,FALLBACK,333.3333,PICKAXE,FALLBACK,1,POSITION,,"no accepted ledger rule matches; compatibility fallback kept"
minecraft:oxidized_copper_chain,minecraft,WeatheringCopperChainBlock,true,5,true,6,UNRESOLVED_DESIGN,ORDINARY,FALLBACK,,,333.3333,FALLBACK,333.3333,PICKAXE,FALLBACK,1,POSITION,,"no accepted ledger rule matches; compatibility fallback kept"
minecraft:waxed_copper_chain,minecraft,ChainBlock,true,5,true,6,UNRESOLVED_DESIGN,ORDINARY,FALLBACK,,,333.3333,FALLBACK,333.3333,PICKAXE,FALLBACK,1,POSITION,,"no accepted ledger rule matches; compatibility fallback kept"
minecraft:waxed_exposed_copper_chain,minecraft,ChainBlock,true,5,true,6,UNRESOLVED_DESIGN,ORDINARY,FALLBACK,,,333.3333,FALLBACK,333.3333,PICKAXE,FALLBACK,1,POSITION,,"no accepted ledger rule matches; compatibility fallback kept"
minecraft:waxed_weathered_copper_chain,minecraft,ChainBlock,true,5,true,6,UNRESOLVED_DESIGN,ORDINARY,FALLBACK,,,333.3333,FALLBACK,333.3333,PICKAXE,FALLBACK,1,POSITION,,"no accepted ledger rule matches; compatibility fallback kept"
minecraft:waxed_oxidized_copper_chain,minecraft,ChainBlock,true,5,true,6,UNRESOLVED_DESIGN,ORDINARY,FALLBACK,,,333.3333,FALLBACK,333.3333,PICKAXE,FALLBACK,1,POSITION,,"no accepted ledger rule matches; compatibility fallback kept"
minecraft:glow_lichen,minecraft,GlowLichenBlock,true,0.2,false,128,UNRESOLVED_DESIGN,ORDINARY,FALLBACK,,,13.333333,FALLBACK,13.333333,AXE,FALLBACK,0,POSITION,,"no accepted ledger rule matches; compatibility fallback kept"
minecraft:resin_clump,minecraft,MultifaceBlock,true,0,false,128,UNRESOLVED_DESIGN,SPECIAL,FALLBACK,,,,,,NONE,FALLBACK,0,POSITION,,"no accepted ledger rule matches; compatibility fallback kept"
minecraft:mycelium,minecraft,MyceliumBlock,true,0.6,false,2,UNRESOLVED_DESIGN,ORDINARY,FALLBACK,,,40,FALLBACK,40,SHOVEL,FALLBACK,0,POSITION,,"ledger: generic dirt-family 100 HP was suggested but not confirmed"
minecraft:resin_block,minecraft,Block,true,0,false,1,UNRESOLVED_DESIGN,SPECIAL,FALLBACK,,,,,,NONE,FALLBACK,0,POSITION,,"no accepted ledger rule matches; compatibility fallback kept"
minecraft:resin_bricks,minecraft,Block,true,1.5,true,1,UNRESOLVED_DESIGN,ORDINARY,FALLBACK,,,100,FALLBACK,100,PICKAXE,FALLBACK,1,POSITION,,"no accepted ledger rule matches; compatibility fallback kept"
minecraft:resin_brick_stairs,minecraft,StairBlock,true,1.5,true,80,UNRESOLVED_DESIGN,ORDINARY,FALLBACK,,,100,FALLBACK,100,PICKAXE,FALLBACK,1,POSITION,,"no accepted ledger rule matches; compatibility fallback kept"
minecraft:resin_brick_slab,minecraft,SlabBlock,true,1.5,true,6,UNRESOLVED_DESIGN,ORDINARY,FALLBACK,,,100,FALLBACK,100,PICKAXE,FALLBACK,1,POSITION,,"no accepted ledger rule matches; compatibility fallback kept"
minecraft:resin_brick_wall,minecraft,WallBlock,true,1.5,true,324,UNRESOLVED_DESIGN,ORDINARY,FALLBACK,,,100,FALLBACK,100,PICKAXE,FALLBACK,1,POSITION,,"no accepted ledger rule matches; compatibility fallback kept"
minecraft:chiseled_resin_bricks,minecraft,Block,true,1.5,true,1,UNRESOLVED_DESIGN,ORDINARY,FALLBACK,,,100,FALLBACK,100,PICKAXE,FALLBACK,1,POSITION,,"no accepted ledger rule matches; compatibility fallback kept"
minecraft:skeleton_skull,minecraft,SkullBlock,true,1,false,32,UNRESOLVED_DESIGN,ORDINARY,FALLBACK,,,66.666664,FALLBACK,66.666664,NONE,FALLBACK,0,POSITION,BLOCK_ENTITY,"no accepted ledger rule matches; compatibility fallback kept"
minecraft:skeleton_wall_skull,minecraft,WallSkullBlock,true,1,false,8,UNRESOLVED_DESIGN,ORDINARY,FALLBACK,,,66.666664,FALLBACK,66.666664,NONE,FALLBACK,0,POSITION,BLOCK_ENTITY,"no accepted ledger rule matches; compatibility fallback kept"
minecraft:wither_skeleton_skull,minecraft,WitherSkullBlock,true,1,false,32,UNRESOLVED_DESIGN,ORDINARY,FALLBACK,,,66.666664,FALLBACK,66.666664,NONE,FALLBACK,0,POSITION,BLOCK_ENTITY,"no accepted ledger rule matches; compatibility fallback kept"
minecraft:wither_skeleton_wall_skull,minecraft,WitherWallSkullBlock,true,1,false,8,UNRESOLVED_DESIGN,ORDINARY,FALLBACK,,,66.666664,FALLBACK,66.666664,NONE,FALLBACK,0,POSITION,BLOCK_ENTITY,"no accepted ledger rule matches; compatibility fallback kept"
minecraft:zombie_head,minecraft,SkullBlock,true,1,false,32,UNRESOLVED_DESIGN,ORDINARY,FALLBACK,,,66.666664,FALLBACK,66.666664,NONE,FALLBACK,0,POSITION,BLOCK_ENTITY,"no accepted ledger rule matches; compatibility fallback kept"
minecraft:zombie_wall_head,minecraft,WallSkullBlock,true,1,false,8,UNRESOLVED_DESIGN,ORDINARY,FALLBACK,,,66.666664,FALLBACK,66.666664,NONE,FALLBACK,0,POSITION,BLOCK_ENTITY,"no accepted ledger rule matches; compatibility fallback kept"
minecraft:player_head,minecraft,PlayerHeadBlock,true,1,false,32,UNRESOLVED_DESIGN,ORDINARY,FALLBACK,,,66.666664,FALLBACK,66.666664,NONE,FALLBACK,0,POSITION,BLOCK_ENTITY,"no accepted ledger rule matches; compatibility fallback kept"
minecraft:player_wall_head,minecraft,PlayerWallHeadBlock,true,1,false,8,UNRESOLVED_DESIGN,ORDINARY,FALLBACK,,,66.666664,FALLBACK,66.666664,NONE,FALLBACK,0,POSITION,BLOCK_ENTITY,"no accepted ledger rule matches; compatibility fallback kept"
minecraft:creeper_head,minecraft,SkullBlock,true,1,false,32,UNRESOLVED_DESIGN,ORDINARY,FALLBACK,,,66.666664,FALLBACK,66.666664,NONE,FALLBACK,0,POSITION,BLOCK_ENTITY,"no accepted ledger rule matches; compatibility fallback kept"
minecraft:creeper_wall_head,minecraft,WallSkullBlock,true,1,false,8,UNRESOLVED_DESIGN,ORDINARY,FALLBACK,,,66.666664,FALLBACK,66.666664,NONE,FALLBACK,0,POSITION,BLOCK_ENTITY,"no accepted ledger rule matches; compatibility fallback kept"
minecraft:dragon_head,minecraft,SkullBlock,true,1,false,32,UNRESOLVED_DESIGN,ORDINARY,FALLBACK,,,66.666664,FALLBACK,66.666664,NONE,FALLBACK,0,POSITION,BLOCK_ENTITY,"no accepted ledger rule matches; compatibility fallback kept"
minecraft:dragon_wall_head,minecraft,WallSkullBlock,true,1,false,8,UNRESOLVED_DESIGN,ORDINARY,FALLBACK,,,66.666664,FALLBACK,66.666664,NONE,FALLBACK,0,POSITION,BLOCK_ENTITY,"no accepted ledger rule matches; compatibility fallback kept"
minecraft:piglin_head,minecraft,SkullBlock,true,1,false,32,UNRESOLVED_DESIGN,ORDINARY,FALLBACK,,,66.666664,FALLBACK,66.666664,NONE,FALLBACK,0,POSITION,BLOCK_ENTITY,"no accepted ledger rule matches; compatibility fallback kept"
minecraft:piglin_wall_head,minecraft,PiglinWallSkullBlock,true,1,false,8,UNRESOLVED_DESIGN,ORDINARY,FALLBACK,,,66.666664,FALLBACK,66.666664,NONE,FALLBACK,0,POSITION,BLOCK_ENTITY,"no accepted ledger rule matches; compatibility fallback kept"
minecraft:petrified_oak_slab,minecraft,SlabBlock,true,2,true,6,UNRESOLVED_DESIGN,ORDINARY,FALLBACK,,,133.33333,FALLBACK,133.33333,PICKAXE,FALLBACK,1,POSITION,,"no accepted ledger rule matches; compatibility fallback kept"
minecraft:chorus_plant,minecraft,ChorusPlantBlock,true,0.4,false,64,UNRESOLVED_DESIGN,ORDINARY,FALLBACK,,,26.666666,FALLBACK,26.666666,AXE,FALLBACK,0,POSITION,,"no accepted ledger rule matches; compatibility fallback kept"
minecraft:chorus_flower,minecraft,ChorusFlowerBlock,true,0.4,false,6,UNRESOLVED_DESIGN,ORDINARY,FALLBACK,,,26.666666,FALLBACK,26.666666,AXE,FALLBACK,0,POSITION,,"no accepted ledger rule matches; compatibility fallback kept"
minecraft:dirt_path,minecraft,DirtPathBlock,true,0.65,false,1,UNRESOLVED_DESIGN,ORDINARY,FALLBACK,,,43.33333,FALLBACK,43.33333,SHOVEL,FALLBACK,0,POSITION,,"ledger: generic dirt-family 100 HP was suggested but not confirmed"
minecraft:frosted_ice,minecraft,FrostedIceBlock,false,0.5,false,4,UNRESOLVED_DESIGN,ORDINARY,FALLBACK,,,33.333332,FALLBACK,33.333332,NONE,FALLBACK,0,POSITION,NO_BLOCKITEM,"no accepted ledger rule matches; compatibility fallback kept"
minecraft:structure_void,minecraft,StructureVoidBlock,true,0,false,1,UNRESOLVED_DESIGN,SPECIAL,FALLBACK,,,,,,NONE,FALLBACK,0,POSITION,,"no accepted ledger rule matches; compatibility fallback kept"
minecraft:dried_ghast,minecraft,DriedGhastBlock,true,0,false,32,UNRESOLVED_DESIGN,SPECIAL,FALLBACK,,,,,,NONE,FALLBACK,0,POSITION,,"no accepted ledger rule matches; compatibility fallback kept"
minecraft:sea_pickle,minecraft,SeaPickleBlock,true,0,false,8,UNRESOLVED_DESIGN,SPECIAL,FALLBACK,,,,,,NONE,FALLBACK,0,POSITION,,"no accepted ledger rule matches; compatibility fallback kept"
minecraft:red_sandstone_wall,minecraft,WallBlock,true,0.8,true,324,UNRESOLVED_DESIGN,ORDINARY,FALLBACK,,,53.333332,FALLBACK,53.333332,PICKAXE,FALLBACK,1,POSITION,,"no accepted ledger rule matches; compatibility fallback kept"
minecraft:sandstone_wall,minecraft,WallBlock,true,0.8,true,324,UNRESOLVED_DESIGN,ORDINARY,FALLBACK,,,53.333332,FALLBACK,53.333332,PICKAXE,FALLBACK,1,POSITION,,"no accepted ledger rule matches; compatibility fallback kept"
minecraft:exposed_copper_lantern,minecraft,WeatheringLanternBlock,true,3.5,false,4,UNRESOLVED_DESIGN,ORDINARY,FALLBACK,,,233.33333,FALLBACK,233.33333,PICKAXE,FALLBACK,0,POSITION,,"ledger: Copper Bulb / Lightning Rod / Copper Lantern rows name the base block only; oxidation/wax variant values not stated"
minecraft:weathered_copper_lantern,minecraft,WeatheringLanternBlock,true,3.5,false,4,UNRESOLVED_DESIGN,ORDINARY,FALLBACK,,,233.33333,FALLBACK,233.33333,PICKAXE,FALLBACK,0,POSITION,,"ledger: Copper Bulb / Lightning Rod / Copper Lantern rows name the base block only; oxidation/wax variant values not stated"
minecraft:oxidized_copper_lantern,minecraft,WeatheringLanternBlock,true,3.5,false,4,UNRESOLVED_DESIGN,ORDINARY,FALLBACK,,,233.33333,FALLBACK,233.33333,PICKAXE,FALLBACK,0,POSITION,,"ledger: Copper Bulb / Lightning Rod / Copper Lantern rows name the base block only; oxidation/wax variant values not stated"
minecraft:waxed_copper_lantern,minecraft,LanternBlock,true,3.5,false,4,UNRESOLVED_DESIGN,ORDINARY,FALLBACK,,,233.33333,FALLBACK,233.33333,PICKAXE,FALLBACK,0,POSITION,,"ledger: Copper Bulb / Lightning Rod / Copper Lantern rows name the base block only; oxidation/wax variant values not stated"
minecraft:waxed_exposed_copper_lantern,minecraft,LanternBlock,true,3.5,false,4,UNRESOLVED_DESIGN,ORDINARY,FALLBACK,,,233.33333,FALLBACK,233.33333,PICKAXE,FALLBACK,0,POSITION,,"ledger: Copper Bulb / Lightning Rod / Copper Lantern rows name the base block only; oxidation/wax variant values not stated"
minecraft:waxed_weathered_copper_lantern,minecraft,LanternBlock,true,3.5,false,4,UNRESOLVED_DESIGN,ORDINARY,FALLBACK,,,233.33333,FALLBACK,233.33333,PICKAXE,FALLBACK,0,POSITION,,"ledger: Copper Bulb / Lightning Rod / Copper Lantern rows name the base block only; oxidation/wax variant values not stated"
minecraft:waxed_oxidized_copper_lantern,minecraft,LanternBlock,true,3.5,false,4,UNRESOLVED_DESIGN,ORDINARY,FALLBACK,,,233.33333,FALLBACK,233.33333,PICKAXE,FALLBACK,0,POSITION,,"ledger: Copper Bulb / Lightning Rod / Copper Lantern rows name the base block only; oxidation/wax variant values not stated"
minecraft:warped_stem,minecraft,RotatedPillarBlock,true,2,false,3,UNRESOLVED_DESIGN,ORDINARY,FALLBACK,,,133.33333,FALLBACK,133.33333,AXE,FALLBACK,0,POSITION,,"no accepted ledger rule matches; compatibility fallback kept"
minecraft:stripped_warped_stem,minecraft,RotatedPillarBlock,true,2,false,3,UNRESOLVED_DESIGN,ORDINARY,FALLBACK,,,133.33333,FALLBACK,133.33333,AXE,FALLBACK,0,POSITION,,"no accepted ledger rule matches; compatibility fallback kept"
minecraft:warped_hyphae,minecraft,RotatedPillarBlock,true,2,false,3,UNRESOLVED_DESIGN,ORDINARY,FALLBACK,,,133.33333,FALLBACK,133.33333,AXE,FALLBACK,0,POSITION,,"no accepted ledger rule matches; compatibility fallback kept"
minecraft:stripped_warped_hyphae,minecraft,RotatedPillarBlock,true,2,false,3,UNRESOLVED_DESIGN,ORDINARY,FALLBACK,,,133.33333,FALLBACK,133.33333,AXE,FALLBACK,0,POSITION,,"no accepted ledger rule matches; compatibility fallback kept"
minecraft:crimson_stem,minecraft,RotatedPillarBlock,true,2,false,3,UNRESOLVED_DESIGN,ORDINARY,FALLBACK,,,133.33333,FALLBACK,133.33333,AXE,FALLBACK,0,POSITION,,"no accepted ledger rule matches; compatibility fallback kept"
minecraft:stripped_crimson_stem,minecraft,RotatedPillarBlock,true,2,false,3,UNRESOLVED_DESIGN,ORDINARY,FALLBACK,,,133.33333,FALLBACK,133.33333,AXE,FALLBACK,0,POSITION,,"no accepted ledger rule matches; compatibility fallback kept"
minecraft:crimson_hyphae,minecraft,RotatedPillarBlock,true,2,false,3,UNRESOLVED_DESIGN,ORDINARY,FALLBACK,,,133.33333,FALLBACK,133.33333,AXE,FALLBACK,0,POSITION,,"no accepted ledger rule matches; compatibility fallback kept"
minecraft:stripped_crimson_hyphae,minecraft,RotatedPillarBlock,true,2,false,3,UNRESOLVED_DESIGN,ORDINARY,FALLBACK,,,133.33333,FALLBACK,133.33333,AXE,FALLBACK,0,POSITION,,"no accepted ledger rule matches; compatibility fallback kept"
minecraft:crimson_planks,minecraft,Block,true,2,false,1,UNRESOLVED_DESIGN,ORDINARY,FALLBACK,,,133.33333,FALLBACK,133.33333,AXE,FALLBACK,0,POSITION,,"no accepted ledger rule matches; compatibility fallback kept"
minecraft:warped_planks,minecraft,Block,true,2,false,1,UNRESOLVED_DESIGN,ORDINARY,FALLBACK,,,133.33333,FALLBACK,133.33333,AXE,FALLBACK,0,POSITION,,"no accepted ledger rule matches; compatibility fallback kept"
minecraft:crimson_slab,minecraft,SlabBlock,true,2,false,6,UNRESOLVED_DESIGN,ORDINARY,FALLBACK,,,133.33333,FALLBACK,133.33333,AXE,FALLBACK,0,POSITION,,"no accepted ledger rule matches; compatibility fallback kept"
minecraft:warped_slab,minecraft,SlabBlock,true,2,false,6,UNRESOLVED_DESIGN,ORDINARY,FALLBACK,,,133.33333,FALLBACK,133.33333,AXE,FALLBACK,0,POSITION,,"no accepted ledger rule matches; compatibility fallback kept"
minecraft:crimson_fence,minecraft,FenceBlock,true,2,false,32,UNRESOLVED_DESIGN,ORDINARY,FALLBACK,,,133.33333,FALLBACK,133.33333,AXE,FALLBACK,0,POSITION,,"no accepted ledger rule matches; compatibility fallback kept"
minecraft:warped_fence,minecraft,FenceBlock,true,2,false,32,UNRESOLVED_DESIGN,ORDINARY,FALLBACK,,,133.33333,FALLBACK,133.33333,AXE,FALLBACK,0,POSITION,,"no accepted ledger rule matches; compatibility fallback kept"
minecraft:crimson_trapdoor,minecraft,TrapDoorBlock,true,3,false,64,UNRESOLVED_DESIGN,ORDINARY,FALLBACK,,,200,FALLBACK,200,AXE,FALLBACK,0,POSITION,,"no accepted ledger rule matches; compatibility fallback kept"
minecraft:warped_trapdoor,minecraft,TrapDoorBlock,true,3,false,64,UNRESOLVED_DESIGN,ORDINARY,FALLBACK,,,200,FALLBACK,200,AXE,FALLBACK,0,POSITION,,"no accepted ledger rule matches; compatibility fallback kept"
minecraft:crimson_fence_gate,minecraft,FenceGateBlock,true,2,false,32,UNRESOLVED_DESIGN,ORDINARY,FALLBACK,,,133.33333,FALLBACK,133.33333,AXE,FALLBACK,0,POSITION,,"no accepted ledger rule matches; compatibility fallback kept"
minecraft:warped_fence_gate,minecraft,FenceGateBlock,true,2,false,32,UNRESOLVED_DESIGN,ORDINARY,FALLBACK,,,133.33333,FALLBACK,133.33333,AXE,FALLBACK,0,POSITION,,"no accepted ledger rule matches; compatibility fallback kept"
minecraft:crimson_stairs,minecraft,StairBlock,true,2,false,80,UNRESOLVED_DESIGN,ORDINARY,FALLBACK,,,133.33333,FALLBACK,133.33333,AXE,FALLBACK,0,POSITION,,"no accepted ledger rule matches; compatibility fallback kept"
minecraft:warped_stairs,minecraft,StairBlock,true,2,false,80,UNRESOLVED_DESIGN,ORDINARY,FALLBACK,,,133.33333,FALLBACK,133.33333,AXE,FALLBACK,0,POSITION,,"no accepted ledger rule matches; compatibility fallback kept"
minecraft:crimson_door,minecraft,DoorBlock,true,3,false,64,UNRESOLVED_DESIGN,ORDINARY,FALLBACK,,,200,FALLBACK,200,AXE,FALLBACK,0,DOOR_LOWER_HALF,MULTIBLOCK,"no accepted ledger rule matches; compatibility fallback kept"
minecraft:warped_door,minecraft,DoorBlock,true,3,false,64,UNRESOLVED_DESIGN,ORDINARY,FALLBACK,,,200,FALLBACK,200,AXE,FALLBACK,0,DOOR_LOWER_HALF,MULTIBLOCK,"no accepted ledger rule matches; compatibility fallback kept"
minecraft:sulfur,minecraft,Block,true,1.5,true,1,UNRESOLVED_DESIGN,ORDINARY,FALLBACK,,,100,FALLBACK,100,PICKAXE,FALLBACK,1,POSITION,,"no accepted ledger rule matches; compatibility fallback kept"
minecraft:potent_sulfur,minecraft,PotentSulfurBlock,true,1.5,true,5,UNRESOLVED_DESIGN,ORDINARY,FALLBACK,,,100,FALLBACK,100,PICKAXE,FALLBACK,1,POSITION,BLOCK_ENTITY,"no accepted ledger rule matches; compatibility fallback kept"
minecraft:sulfur_slab,minecraft,SlabBlock,true,1.5,true,6,UNRESOLVED_DESIGN,ORDINARY,FALLBACK,,,100,FALLBACK,100,PICKAXE,FALLBACK,1,POSITION,,"no accepted ledger rule matches; compatibility fallback kept"
minecraft:sulfur_stairs,minecraft,StairBlock,true,1.5,true,80,UNRESOLVED_DESIGN,ORDINARY,FALLBACK,,,100,FALLBACK,100,PICKAXE,FALLBACK,1,POSITION,,"no accepted ledger rule matches; compatibility fallback kept"
minecraft:sulfur_wall,minecraft,WallBlock,true,1.5,true,324,UNRESOLVED_DESIGN,ORDINARY,FALLBACK,,,100,FALLBACK,100,PICKAXE,FALLBACK,1,POSITION,,"no accepted ledger rule matches; compatibility fallback kept"
minecraft:polished_sulfur,minecraft,Block,true,1.5,true,1,UNRESOLVED_DESIGN,ORDINARY,FALLBACK,,,100,FALLBACK,100,PICKAXE,FALLBACK,1,POSITION,,"no accepted ledger rule matches; compatibility fallback kept"
minecraft:polished_sulfur_slab,minecraft,SlabBlock,true,1.5,true,6,UNRESOLVED_DESIGN,ORDINARY,FALLBACK,,,100,FALLBACK,100,PICKAXE,FALLBACK,1,POSITION,,"no accepted ledger rule matches; compatibility fallback kept"
minecraft:polished_sulfur_stairs,minecraft,StairBlock,true,1.5,true,80,UNRESOLVED_DESIGN,ORDINARY,FALLBACK,,,100,FALLBACK,100,PICKAXE,FALLBACK,1,POSITION,,"no accepted ledger rule matches; compatibility fallback kept"
minecraft:polished_sulfur_wall,minecraft,WallBlock,true,1.5,true,324,UNRESOLVED_DESIGN,ORDINARY,FALLBACK,,,100,FALLBACK,100,PICKAXE,FALLBACK,1,POSITION,,"no accepted ledger rule matches; compatibility fallback kept"
minecraft:sulfur_bricks,minecraft,Block,true,1.5,true,1,UNRESOLVED_DESIGN,ORDINARY,FALLBACK,,,100,FALLBACK,100,PICKAXE,FALLBACK,1,POSITION,,"no accepted ledger rule matches; compatibility fallback kept"
minecraft:sulfur_brick_slab,minecraft,SlabBlock,true,1.5,true,6,UNRESOLVED_DESIGN,ORDINARY,FALLBACK,,,100,FALLBACK,100,PICKAXE,FALLBACK,1,POSITION,,"no accepted ledger rule matches; compatibility fallback kept"
minecraft:sulfur_brick_stairs,minecraft,StairBlock,true,1.5,true,80,UNRESOLVED_DESIGN,ORDINARY,FALLBACK,,,100,FALLBACK,100,PICKAXE,FALLBACK,1,POSITION,,"no accepted ledger rule matches; compatibility fallback kept"
minecraft:sulfur_brick_wall,minecraft,WallBlock,true,1.5,true,324,UNRESOLVED_DESIGN,ORDINARY,FALLBACK,,,100,FALLBACK,100,PICKAXE,FALLBACK,1,POSITION,,"no accepted ledger rule matches; compatibility fallback kept"
minecraft:chiseled_sulfur,minecraft,Block,true,1.5,true,1,UNRESOLVED_DESIGN,ORDINARY,FALLBACK,,,100,FALLBACK,100,PICKAXE,FALLBACK,1,POSITION,,"no accepted ledger rule matches; compatibility fallback kept"
minecraft:cinnabar,minecraft,Block,true,1.5,true,1,UNRESOLVED_DESIGN,ORDINARY,FALLBACK,,,100,FALLBACK,100,PICKAXE,FALLBACK,1,POSITION,,"no accepted ledger rule matches; compatibility fallback kept"
minecraft:cinnabar_slab,minecraft,SlabBlock,true,1.5,true,6,UNRESOLVED_DESIGN,ORDINARY,FALLBACK,,,100,FALLBACK,100,PICKAXE,FALLBACK,1,POSITION,,"no accepted ledger rule matches; compatibility fallback kept"
minecraft:cinnabar_stairs,minecraft,StairBlock,true,1.5,true,80,UNRESOLVED_DESIGN,ORDINARY,FALLBACK,,,100,FALLBACK,100,PICKAXE,FALLBACK,1,POSITION,,"no accepted ledger rule matches; compatibility fallback kept"
minecraft:cinnabar_wall,minecraft,WallBlock,true,1.5,true,324,UNRESOLVED_DESIGN,ORDINARY,FALLBACK,,,100,FALLBACK,100,PICKAXE,FALLBACK,1,POSITION,,"no accepted ledger rule matches; compatibility fallback kept"
minecraft:polished_cinnabar,minecraft,Block,true,1.5,true,1,UNRESOLVED_DESIGN,ORDINARY,FALLBACK,,,100,FALLBACK,100,PICKAXE,FALLBACK,1,POSITION,,"no accepted ledger rule matches; compatibility fallback kept"
minecraft:polished_cinnabar_slab,minecraft,SlabBlock,true,1.5,true,6,UNRESOLVED_DESIGN,ORDINARY,FALLBACK,,,100,FALLBACK,100,PICKAXE,FALLBACK,1,POSITION,,"no accepted ledger rule matches; compatibility fallback kept"
minecraft:polished_cinnabar_stairs,minecraft,StairBlock,true,1.5,true,80,UNRESOLVED_DESIGN,ORDINARY,FALLBACK,,,100,FALLBACK,100,PICKAXE,FALLBACK,1,POSITION,,"no accepted ledger rule matches; compatibility fallback kept"
minecraft:polished_cinnabar_wall,minecraft,WallBlock,true,1.5,true,324,UNRESOLVED_DESIGN,ORDINARY,FALLBACK,,,100,FALLBACK,100,PICKAXE,FALLBACK,1,POSITION,,"no accepted ledger rule matches; compatibility fallback kept"
minecraft:cinnabar_bricks,minecraft,Block,true,1.5,true,1,UNRESOLVED_DESIGN,ORDINARY,FALLBACK,,,100,FALLBACK,100,PICKAXE,FALLBACK,1,POSITION,,"no accepted ledger rule matches; compatibility fallback kept"
minecraft:cinnabar_brick_slab,minecraft,SlabBlock,true,1.5,true,6,UNRESOLVED_DESIGN,ORDINARY,FALLBACK,,,100,FALLBACK,100,PICKAXE,FALLBACK,1,POSITION,,"no accepted ledger rule matches; compatibility fallback kept"
minecraft:cinnabar_brick_stairs,minecraft,StairBlock,true,1.5,true,80,UNRESOLVED_DESIGN,ORDINARY,FALLBACK,,,100,FALLBACK,100,PICKAXE,FALLBACK,1,POSITION,,"no accepted ledger rule matches; compatibility fallback kept"
minecraft:cinnabar_brick_wall,minecraft,WallBlock,true,1.5,true,324,UNRESOLVED_DESIGN,ORDINARY,FALLBACK,,,100,FALLBACK,100,PICKAXE,FALLBACK,1,POSITION,,"no accepted ledger rule matches; compatibility fallback kept"
minecraft:chiseled_cinnabar,minecraft,Block,true,1.5,true,1,UNRESOLVED_DESIGN,ORDINARY,FALLBACK,,,100,FALLBACK,100,PICKAXE,FALLBACK,1,POSITION,,"no accepted ledger rule matches; compatibility fallback kept"
minecraft:exposed_copper_bulb,minecraft,WeatheringCopperBulbBlock,true,3,true,4,UNRESOLVED_DESIGN,ORDINARY,FALLBACK,,,200,FALLBACK,200,PICKAXE,FALLBACK,2,POSITION,,"ledger: Copper Bulb / Lightning Rod / Copper Lantern rows name the base block only; oxidation/wax variant values not stated"
minecraft:weathered_copper_bulb,minecraft,WeatheringCopperBulbBlock,true,3,true,4,UNRESOLVED_DESIGN,ORDINARY,FALLBACK,,,200,FALLBACK,200,PICKAXE,FALLBACK,2,POSITION,,"ledger: Copper Bulb / Lightning Rod / Copper Lantern rows name the base block only; oxidation/wax variant values not stated"
minecraft:oxidized_copper_bulb,minecraft,WeatheringCopperBulbBlock,true,3,true,4,UNRESOLVED_DESIGN,ORDINARY,FALLBACK,,,200,FALLBACK,200,PICKAXE,FALLBACK,2,POSITION,,"ledger: Copper Bulb / Lightning Rod / Copper Lantern rows name the base block only; oxidation/wax variant values not stated"
minecraft:waxed_copper_bulb,minecraft,CopperBulbBlock,true,3,true,4,UNRESOLVED_DESIGN,ORDINARY,FALLBACK,,,200,FALLBACK,200,PICKAXE,FALLBACK,2,POSITION,,"ledger: Copper Bulb / Lightning Rod / Copper Lantern rows name the base block only; oxidation/wax variant values not stated"
minecraft:waxed_exposed_copper_bulb,minecraft,CopperBulbBlock,true,3,true,4,UNRESOLVED_DESIGN,ORDINARY,FALLBACK,,,200,FALLBACK,200,PICKAXE,FALLBACK,2,POSITION,,"ledger: Copper Bulb / Lightning Rod / Copper Lantern rows name the base block only; oxidation/wax variant values not stated"
minecraft:waxed_weathered_copper_bulb,minecraft,CopperBulbBlock,true,3,true,4,UNRESOLVED_DESIGN,ORDINARY,FALLBACK,,,200,FALLBACK,200,PICKAXE,FALLBACK,2,POSITION,,"ledger: Copper Bulb / Lightning Rod / Copper Lantern rows name the base block only; oxidation/wax variant values not stated"
minecraft:waxed_oxidized_copper_bulb,minecraft,CopperBulbBlock,true,3,true,4,UNRESOLVED_DESIGN,ORDINARY,FALLBACK,,,200,FALLBACK,200,PICKAXE,FALLBACK,2,POSITION,,"ledger: Copper Bulb / Lightning Rod / Copper Lantern rows name the base block only; oxidation/wax variant values not stated"
minecraft:copper_chest,minecraft,WeatheringCopperChestBlock,true,3,true,24,UNRESOLVED_DESIGN,ORDINARY,FALLBACK,,,200,FALLBACK,200,PICKAXE,FALLBACK,2,POSITION,DOUBLE_CHEST_INDEPENDENT|BLOCK_ENTITY,"no accepted ledger rule matches; compatibility fallback kept"
minecraft:exposed_copper_chest,minecraft,WeatheringCopperChestBlock,true,3,true,24,UNRESOLVED_DESIGN,ORDINARY,FALLBACK,,,200,FALLBACK,200,PICKAXE,FALLBACK,2,POSITION,DOUBLE_CHEST_INDEPENDENT|BLOCK_ENTITY,"no accepted ledger rule matches; compatibility fallback kept"
minecraft:weathered_copper_chest,minecraft,WeatheringCopperChestBlock,true,3,true,24,UNRESOLVED_DESIGN,ORDINARY,FALLBACK,,,200,FALLBACK,200,PICKAXE,FALLBACK,2,POSITION,DOUBLE_CHEST_INDEPENDENT|BLOCK_ENTITY,"no accepted ledger rule matches; compatibility fallback kept"
minecraft:oxidized_copper_chest,minecraft,WeatheringCopperChestBlock,true,3,true,24,UNRESOLVED_DESIGN,ORDINARY,FALLBACK,,,200,FALLBACK,200,PICKAXE,FALLBACK,2,POSITION,DOUBLE_CHEST_INDEPENDENT|BLOCK_ENTITY,"no accepted ledger rule matches; compatibility fallback kept"
minecraft:waxed_copper_chest,minecraft,CopperChestBlock,true,3,true,24,UNRESOLVED_DESIGN,ORDINARY,FALLBACK,,,200,FALLBACK,200,PICKAXE,FALLBACK,2,POSITION,DOUBLE_CHEST_INDEPENDENT|BLOCK_ENTITY,"no accepted ledger rule matches; compatibility fallback kept"
minecraft:waxed_exposed_copper_chest,minecraft,CopperChestBlock,true,3,true,24,UNRESOLVED_DESIGN,ORDINARY,FALLBACK,,,200,FALLBACK,200,PICKAXE,FALLBACK,2,POSITION,DOUBLE_CHEST_INDEPENDENT|BLOCK_ENTITY,"no accepted ledger rule matches; compatibility fallback kept"
minecraft:waxed_weathered_copper_chest,minecraft,CopperChestBlock,true,3,true,24,UNRESOLVED_DESIGN,ORDINARY,FALLBACK,,,200,FALLBACK,200,PICKAXE,FALLBACK,2,POSITION,DOUBLE_CHEST_INDEPENDENT|BLOCK_ENTITY,"no accepted ledger rule matches; compatibility fallback kept"
minecraft:waxed_oxidized_copper_chest,minecraft,CopperChestBlock,true,3,true,24,UNRESOLVED_DESIGN,ORDINARY,FALLBACK,,,200,FALLBACK,200,PICKAXE,FALLBACK,2,POSITION,DOUBLE_CHEST_INDEPENDENT|BLOCK_ENTITY,"no accepted ledger rule matches; compatibility fallback kept"
minecraft:copper_golem_statue,minecraft,WeatheringCopperGolemStatueBlock,true,3,false,32,UNRESOLVED_DESIGN,ORDINARY,FALLBACK,,,200,FALLBACK,200,PICKAXE,FALLBACK,0,POSITION,BLOCK_ENTITY,"no accepted ledger rule matches; compatibility fallback kept"
minecraft:exposed_copper_golem_statue,minecraft,WeatheringCopperGolemStatueBlock,true,3,false,32,UNRESOLVED_DESIGN,ORDINARY,FALLBACK,,,200,FALLBACK,200,PICKAXE,FALLBACK,0,POSITION,BLOCK_ENTITY,"no accepted ledger rule matches; compatibility fallback kept"
minecraft:weathered_copper_golem_statue,minecraft,WeatheringCopperGolemStatueBlock,true,3,false,32,UNRESOLVED_DESIGN,ORDINARY,FALLBACK,,,200,FALLBACK,200,PICKAXE,FALLBACK,0,POSITION,BLOCK_ENTITY,"no accepted ledger rule matches; compatibility fallback kept"
minecraft:oxidized_copper_golem_statue,minecraft,WeatheringCopperGolemStatueBlock,true,3,false,32,UNRESOLVED_DESIGN,ORDINARY,FALLBACK,,,200,FALLBACK,200,PICKAXE,FALLBACK,0,POSITION,BLOCK_ENTITY,"no accepted ledger rule matches; compatibility fallback kept"
minecraft:waxed_copper_golem_statue,minecraft,CopperGolemStatueBlock,true,3,false,32,UNRESOLVED_DESIGN,ORDINARY,FALLBACK,,,200,FALLBACK,200,PICKAXE,FALLBACK,0,POSITION,BLOCK_ENTITY,"no accepted ledger rule matches; compatibility fallback kept"
minecraft:waxed_exposed_copper_golem_statue,minecraft,CopperGolemStatueBlock,true,3,false,32,UNRESOLVED_DESIGN,ORDINARY,FALLBACK,,,200,FALLBACK,200,PICKAXE,FALLBACK,0,POSITION,BLOCK_ENTITY,"no accepted ledger rule matches; compatibility fallback kept"
minecraft:waxed_weathered_copper_golem_statue,minecraft,CopperGolemStatueBlock,true,3,false,32,UNRESOLVED_DESIGN,ORDINARY,FALLBACK,,,200,FALLBACK,200,PICKAXE,FALLBACK,0,POSITION,BLOCK_ENTITY,"no accepted ledger rule matches; compatibility fallback kept"
minecraft:waxed_oxidized_copper_golem_statue,minecraft,CopperGolemStatueBlock,true,3,false,32,UNRESOLVED_DESIGN,ORDINARY,FALLBACK,,,200,FALLBACK,200,PICKAXE,FALLBACK,0,POSITION,BLOCK_ENTITY,"no accepted ledger rule matches; compatibility fallback kept"
minecraft:exposed_lightning_rod,minecraft,WeatheringLightningRodBlock,true,3,true,24,UNRESOLVED_DESIGN,ORDINARY,FALLBACK,,,200,FALLBACK,200,PICKAXE,FALLBACK,2,POSITION,,"ledger: Copper Bulb / Lightning Rod / Copper Lantern rows name the base block only; oxidation/wax variant values not stated"
minecraft:weathered_lightning_rod,minecraft,WeatheringLightningRodBlock,true,3,true,24,UNRESOLVED_DESIGN,ORDINARY,FALLBACK,,,200,FALLBACK,200,PICKAXE,FALLBACK,2,POSITION,,"ledger: Copper Bulb / Lightning Rod / Copper Lantern rows name the base block only; oxidation/wax variant values not stated"
minecraft:oxidized_lightning_rod,minecraft,WeatheringLightningRodBlock,true,3,true,24,UNRESOLVED_DESIGN,ORDINARY,FALLBACK,,,200,FALLBACK,200,PICKAXE,FALLBACK,2,POSITION,,"ledger: Copper Bulb / Lightning Rod / Copper Lantern rows name the base block only; oxidation/wax variant values not stated"
minecraft:waxed_lightning_rod,minecraft,LightningRodBlock,true,3,true,24,UNRESOLVED_DESIGN,ORDINARY,FALLBACK,,,200,FALLBACK,200,PICKAXE,FALLBACK,2,POSITION,,"ledger: Copper Bulb / Lightning Rod / Copper Lantern rows name the base block only; oxidation/wax variant values not stated"
minecraft:waxed_exposed_lightning_rod,minecraft,LightningRodBlock,true,3,true,24,UNRESOLVED_DESIGN,ORDINARY,FALLBACK,,,200,FALLBACK,200,PICKAXE,FALLBACK,2,POSITION,,"ledger: Copper Bulb / Lightning Rod / Copper Lantern rows name the base block only; oxidation/wax variant values not stated"
minecraft:waxed_weathered_lightning_rod,minecraft,LightningRodBlock,true,3,true,24,UNRESOLVED_DESIGN,ORDINARY,FALLBACK,,,200,FALLBACK,200,PICKAXE,FALLBACK,2,POSITION,,"ledger: Copper Bulb / Lightning Rod / Copper Lantern rows name the base block only; oxidation/wax variant values not stated"
minecraft:waxed_oxidized_lightning_rod,minecraft,LightningRodBlock,true,3,true,24,UNRESOLVED_DESIGN,ORDINARY,FALLBACK,,,200,FALLBACK,200,PICKAXE,FALLBACK,2,POSITION,,"ledger: Copper Bulb / Lightning Rod / Copper Lantern rows name the base block only; oxidation/wax variant values not stated"
minecraft:sulfur_spike,minecraft,SulfurSpikeBlock,true,1.5,false,20,UNRESOLVED_DESIGN,ORDINARY,FALLBACK,,,100,FALLBACK,100,PICKAXE,FALLBACK,0,POSITION,,"no accepted ledger rule matches; compatibility fallback kept"
minecraft:spore_blossom,minecraft,SporeBlossomBlock,true,0,false,1,UNRESOLVED_DESIGN,SPECIAL,FALLBACK,,,,,,NONE,FALLBACK,0,POSITION,,"no accepted ledger rule matches; compatibility fallback kept"
minecraft:moss_carpet,minecraft,CarpetBlock,true,0.1,false,1,UNRESOLVED_DESIGN,ORDINARY,FALLBACK,,,6.6666665,FALLBACK,6.6666665,HOE,FALLBACK,0,POSITION,,"no accepted ledger rule matches; compatibility fallback kept"
minecraft:leaf_litter,minecraft,LeafLitterBlock,true,0,false,16,UNRESOLVED_DESIGN,SPECIAL,FALLBACK,,,,,,NONE,FALLBACK,0,POSITION,,"no accepted ledger rule matches; compatibility fallback kept"
minecraft:big_dripleaf,minecraft,BigDripleafBlock,true,0.1,false,32,UNRESOLVED_DESIGN,ORDINARY,FALLBACK,,,6.6666665,FALLBACK,6.6666665,AXE,FALLBACK,0,POSITION,,"no accepted ledger rule matches; compatibility fallback kept"
minecraft:big_dripleaf_stem,minecraft,BigDripleafStemBlock,true,0.1,false,8,UNRESOLVED_DESIGN,ORDINARY,FALLBACK,,,6.6666665,FALLBACK,6.6666665,AXE,FALLBACK,0,POSITION,,"no accepted ledger rule matches; compatibility fallback kept"
minecraft:small_dripleaf,minecraft,SmallDripleafBlock,true,0,false,16,UNRESOLVED_DESIGN,SPECIAL,FALLBACK,,,,,,NONE,FALLBACK,0,POSITION,MULTIBLOCK,"no accepted ledger rule matches; compatibility fallback kept"
minecraft:hanging_roots,minecraft,HangingRootsBlock,true,0,false,2,UNRESOLVED_DESIGN,SPECIAL,FALLBACK,,,,,,NONE,FALLBACK,0,POSITION,,"no accepted ledger rule matches; compatibility fallback kept"
minecraft:rooted_dirt,minecraft,RootedDirtBlock,true,0.5,false,1,UNRESOLVED_DESIGN,ORDINARY,FALLBACK,,,33.333332,FALLBACK,33.333332,SHOVEL,FALLBACK,0,POSITION,,"ledger: generic dirt-family 100 HP was suggested but not confirmed"
minecraft:crafter,minecraft,CrafterBlock,true,1.5,false,48,UNRESOLVED_DESIGN,ORDINARY,FALLBACK,,,100,FALLBACK,100,PICKAXE,FALLBACK,0,POSITION,BLOCK_ENTITY,"no accepted ledger rule matches; compatibility fallback kept"
minecraft:heavy_core,minecraft,HeavyCoreBlock,true,10,false,2,UNRESOLVED_DESIGN,ORDINARY,FALLBACK,,,666.6666,FALLBACK,666.6666,PICKAXE,FALLBACK,0,POSITION,,"no accepted ledger rule matches; compatibility fallback kept"
minecraft:pale_moss_block,minecraft,BonemealableFeaturePlacerBlock,true,0.1,false,1,UNRESOLVED_DESIGN,ORDINARY,FALLBACK,,,6.6666665,FALLBACK,6.6666665,HOE,FALLBACK,0,POSITION,,"no accepted ledger rule matches; compatibility fallback kept"
minecraft:pale_moss_carpet,minecraft,MossyCarpetBlock,true,0.1,false,162,UNRESOLVED_DESIGN,ORDINARY,FALLBACK,,,6.6666665,FALLBACK,6.6666665,HOE,FALLBACK,0,POSITION,,"no accepted ledger rule matches; compatibility fallback kept"
minecraft:pale_hanging_moss,minecraft,HangingMossBlock,true,0,false,2,UNRESOLVED_DESIGN,SPECIAL,FALLBACK,,,,,,NONE,FALLBACK,0,POSITION,,"no accepted ledger rule matches; compatibility fallback kept"
minecraft:firefly_bush,minecraft,FireflyBushBlock,true,0,false,1,UNRESOLVED_DESIGN,SPECIAL,FALLBACK,,,,,,NONE,FALLBACK,0,POSITION,,"no accepted ledger rule matches; compatibility fallback kept"
totality:apothecary_table,totality,ApothecaryTableBlock,true,2.5,false,4,COMPAT_FALLBACK,ORDINARY,FALLBACK,,,166.66666,FALLBACK,166.66666,AXE,FALLBACK,0,POSITION,,"non-vanilla; deferred to Totality Core; compatibility fallback kept"
totality:blue_mountain_flower_bush,totality,BlueMountainFlowerBlock,true,0,false,2,COMPAT_FALLBACK,SPECIAL,FALLBACK,,,,,,NONE,FALLBACK,0,POSITION,,"non-vanilla; deferred to Totality Core; compatibility fallback kept"
totality:purple_mountain_flower_bush,totality,PurpleMountainFlowerBlock,true,0,false,2,COMPAT_FALLBACK,SPECIAL,FALLBACK,,,,,,NONE,FALLBACK,0,POSITION,,"non-vanilla; deferred to Totality Core; compatibility fallback kept"
totality:red_mountain_flower_bush,totality,RedMountainFlowerBlock,true,0,false,2,COMPAT_FALLBACK,SPECIAL,FALLBACK,,,,,,NONE,FALLBACK,0,POSITION,,"non-vanilla; deferred to Totality Core; compatibility fallback kept"
totality:true_wheat_crop,totality,TrueWheatCropBlock,true,0,false,8,COMPAT_FALLBACK,SPECIAL,FALLBACK,,,,,,NONE,FALLBACK,0,POSITION,,"non-vanilla; deferred to Totality Core; compatibility fallback kept"
totality:copper_tank,totality,FluidTankBlock,true,2,false,1,COMPAT_FALLBACK,ORDINARY,FALLBACK,,,133.33333,FALLBACK,133.33333,PICKAXE,FALLBACK,0,POSITION,BLOCK_ENTITY,"non-vanilla; deferred to Totality Core; compatibility fallback kept"
totality:tin_ore,totality,Block,true,3,true,1,COMPAT_FALLBACK,ORDINARY,FALLBACK,,,200,FALLBACK,200,PICKAXE,FALLBACK,1,POSITION,,"non-vanilla; deferred to Totality Core; compatibility fallback kept"
totality:deepslate_tin_ore,totality,Block,true,4.5,true,1,COMPAT_FALLBACK,ORDINARY,FALLBACK,,,300,FALLBACK,300,PICKAXE,FALLBACK,1,POSITION,,"non-vanilla; deferred to Totality Core; compatibility fallback kept"
totality:graphite_ore,totality,Block,true,3,true,1,COMPAT_FALLBACK,ORDINARY,FALLBACK,,,200,FALLBACK,200,PICKAXE,FALLBACK,1,POSITION,,"non-vanilla; deferred to Totality Core; compatibility fallback kept"
totality:deepslate_graphite_ore,totality,Block,true,4.5,true,1,COMPAT_FALLBACK,ORDINARY,FALLBACK,,,300,FALLBACK,300,PICKAXE,FALLBACK,1,POSITION,,"non-vanilla; deferred to Totality Core; compatibility fallback kept"
totality:lead_ore,totality,Block,true,3,true,1,COMPAT_FALLBACK,ORDINARY,FALLBACK,,,200,FALLBACK,200,PICKAXE,FALLBACK,1,POSITION,,"non-vanilla; deferred to Totality Core; compatibility fallback kept"
totality:deepslate_lead_ore,totality,Block,true,4.5,true,1,COMPAT_FALLBACK,ORDINARY,FALLBACK,,,300,FALLBACK,300,PICKAXE,FALLBACK,1,POSITION,,"non-vanilla; deferred to Totality Core; compatibility fallback kept"
totality:vibranium_ore,totality,Block,true,4.5,true,1,COMPAT_FALLBACK,ORDINARY,FALLBACK,,,300,FALLBACK,300,NONE,FALLBACK,1,POSITION,,"non-vanilla; deferred to Totality Core; compatibility fallback kept"
totality:deepslate_vibranium_ore,totality,Block,true,6,true,1,COMPAT_FALLBACK,ORDINARY,FALLBACK,,,400,FALLBACK,400,NONE,FALLBACK,1,POSITION,,"non-vanilla; deferred to Totality Core; compatibility fallback kept"
totality:silver_ore,totality,Block,true,3,true,1,COMPAT_FALLBACK,ORDINARY,FALLBACK,,,200,FALLBACK,200,PICKAXE,FALLBACK,1,POSITION,,"non-vanilla; deferred to Totality Core; compatibility fallback kept"
totality:deepslate_silver_ore,totality,Block,true,4.5,true,1,COMPAT_FALLBACK,ORDINARY,FALLBACK,,,300,FALLBACK,300,PICKAXE,FALLBACK,1,POSITION,,"non-vanilla; deferred to Totality Core; compatibility fallback kept"
totality:generator,totality,GeneratorBlock,true,3.5,true,8,COMPAT_FALLBACK,ORDINARY,FALLBACK,,,233.33333,FALLBACK,233.33333,PICKAXE,FALLBACK,1,POSITION,BLOCK_ENTITY,"non-vanilla; deferred to Totality Core; compatibility fallback kept"
totality:electric_furnace,totality,ElectricFurnaceBlock,true,3.5,true,8,COMPAT_FALLBACK,ORDINARY,FALLBACK,,,233.33333,FALLBACK,233.33333,PICKAXE,FALLBACK,1,POSITION,BLOCK_ENTITY,"non-vanilla; deferred to Totality Core; compatibility fallback kept"
totality:copper_energy_cell,totality,EnergyCellBlock,true,3,true,4,COMPAT_FALLBACK,ORDINARY,FALLBACK,,,200,FALLBACK,200,PICKAXE,FALLBACK,1,POSITION,BLOCK_ENTITY,"non-vanilla; deferred to Totality Core; compatibility fallback kept"
totality:copper_cable,totality,CableBlock,true,1,false,64,COMPAT_FALLBACK,ORDINARY,FALLBACK,,,66.666664,FALLBACK,66.666664,PICKAXE,FALLBACK,0,POSITION,BLOCK_ENTITY,"non-vanilla; deferred to Totality Core; compatibility fallback kept"
totality:ritual_altar,totality,RitualAltarBlock,true,3.5,true,8,COMPAT_FALLBACK,ORDINARY,FALLBACK,,,233.33333,FALLBACK,233.33333,PICKAXE,FALLBACK,1,POSITION,BLOCK_ENTITY,"non-vanilla; deferred to Totality Core; compatibility fallback kept"
totality:ritual_dais,totality,RitualDaisBlock,true,3.5,true,8,COMPAT_FALLBACK,ORDINARY,FALLBACK,,,233.33333,FALLBACK,233.33333,PICKAXE,FALLBACK,1,POSITION,BLOCK_ENTITY,"non-vanilla; deferred to Totality Core; compatibility fallback kept"
totality:chalk,totality,ChalkBlock,false,0,false,18,COMPAT_FALLBACK,SPECIAL,FALLBACK,,,,,,NONE,FALLBACK,0,POSITION,NO_BLOCKITEM,"non-vanilla; deferred to Totality Core; compatibility fallback kept"
totality:whitestone,totality,Block,true,1.5,true,1,COMPAT_FALLBACK,ORDINARY,FALLBACK,,,100,FALLBACK,100,PICKAXE,FALLBACK,1,POSITION,,"non-vanilla; deferred to Totality Core; compatibility fallback kept"
totality:flecked_whitestone,totality,Block,true,1.5,true,1,COMPAT_FALLBACK,ORDINARY,FALLBACK,,,100,FALLBACK,100,PICKAXE,FALLBACK,1,POSITION,,"non-vanilla; deferred to Totality Core; compatibility fallback kept"
totality:polished_whitestone,totality,Block,true,1.5,true,1,COMPAT_FALLBACK,ORDINARY,FALLBACK,,,100,FALLBACK,100,PICKAXE,FALLBACK,1,POSITION,,"non-vanilla; deferred to Totality Core; compatibility fallback kept"
totality:polished_whitestone_bricks,totality,Block,true,1.5,true,1,COMPAT_FALLBACK,ORDINARY,FALLBACK,,,100,FALLBACK,100,PICKAXE,FALLBACK,1,POSITION,,"non-vanilla; deferred to Totality Core; compatibility fallback kept"
totality:limestone,totality,Block,true,1.5,true,1,COMPAT_FALLBACK,ORDINARY,FALLBACK,,,100,FALLBACK,100,PICKAXE,FALLBACK,1,POSITION,,"non-vanilla; deferred to Totality Core; compatibility fallback kept"
