registry_id,pass3_category,post_category,classification,max_default,max_all_states,tools,ownership,verdict
minecraft:acacia_shelf,UNRESOLVED_DESIGN,ACCEPTED_AUTHORED,ORDINARY,100,100,AXE,POSITION,OK
minecraft:bamboo_shelf,UNRESOLVED_DESIGN,ACCEPTED_AUTHORED,ORDINARY,100,100,AXE,POSITION,OK
minecraft:big_dripleaf,UNRESOLVED_DESIGN,SPECIAL,SPECIAL,,,AXE,POSITION,OK
minecraft:big_dripleaf_stem,UNRESOLVED_DESIGN,SPECIAL,SPECIAL,,,AXE,POSITION,OK
minecraft:birch_shelf,UNRESOLVED_DESIGN,ACCEPTED_AUTHORED,ORDINARY,100,100,AXE,POSITION,OK
minecraft:cactus_flower,UNRESOLVED_DESIGN,SPECIAL,SPECIAL,,,NONE,POSITION,OK
minecraft:cake,UNRESOLVED_DESIGN,SPECIAL,SPECIAL,,,NONE,POSITION,OK
minecraft:cherry_shelf,UNRESOLVED_DESIGN,ACCEPTED_AUTHORED,ORDINARY,100,100,AXE,POSITION,OK
minecraft:chiseled_cinnabar,UNRESOLVED_DESIGN,ACCEPTED_AUTHORED,ORDINARY,150,150,PICKAXE,POSITION,OK
minecraft:chiseled_resin_bricks,UNRESOLVED_DESIGN,ACCEPTED_AUTHORED,ORDINARY,150,150,PICKAXE,POSITION,OK
minecraft:chiseled_sulfur,UNRESOLVED_DESIGN,ACCEPTED_AUTHORED,ORDINARY,150,150,PICKAXE,POSITION,OK
minecraft:chorus_flower,UNRESOLVED_DESIGN,SPECIAL,SPECIAL,,,AXE,POSITION,OK
minecraft:chorus_plant,UNRESOLVED_DESIGN,SPECIAL,SPECIAL,,,AXE,POSITION,OK
minecraft:cinnabar,UNRESOLVED_DESIGN,ACCEPTED_AUTHORED,ORDINARY,100,100,PICKAXE,POSITION,OK
minecraft:cinnabar_brick_slab,UNRESOLVED_DESIGN,ACCEPTED_AUTHORED,ORDINARY,75,150|75,PICKAXE,POSITION,OK
minecraft:cinnabar_brick_stairs,UNRESOLVED_DESIGN,ACCEPTED_AUTHORED,ORDINARY,115,115,PICKAXE,POSITION,OK
minecraft:cinnabar_brick_wall,UNRESOLVED_DESIGN,ACCEPTED_AUTHORED,ORDINARY,115,115,PICKAXE,POSITION,OK
minecraft:cinnabar_bricks,UNRESOLVED_DESIGN,ACCEPTED_AUTHORED,ORDINARY,150,150,PICKAXE,POSITION,OK
minecraft:cinnabar_slab,UNRESOLVED_DESIGN,ACCEPTED_AUTHORED,ORDINARY,50,100|50,PICKAXE,POSITION,OK
minecraft:cinnabar_stairs,UNRESOLVED_DESIGN,ACCEPTED_AUTHORED,ORDINARY,75,75,PICKAXE,POSITION,OK
minecraft:cinnabar_wall,UNRESOLVED_DESIGN,ACCEPTED_AUTHORED,ORDINARY,75,75,PICKAXE,POSITION,OK
minecraft:coarse_dirt,UNRESOLVED_DESIGN,ACCEPTED_AUTHORED,ORDINARY,100,100,SHOVEL,POSITION,OK
minecraft:copper_bars,UNRESOLVED_DESIGN,ACCEPTED_AUTHORED,ORDINARY,100,100,PICKAXE,POSITION,OK
minecraft:copper_chain,UNRESOLVED_DESIGN,ACCEPTED_AUTHORED,ORDINARY,50,50,PICKAXE,POSITION,OK
minecraft:copper_chest,UNRESOLVED_DESIGN,ACCEPTED_AUTHORED,ORDINARY,150,150,PICKAXE,POSITION,OK
minecraft:copper_golem_statue,UNRESOLVED_DESIGN,ACCEPTED_AUTHORED,ORDINARY,150,150,PICKAXE,POSITION,OK
minecraft:copper_torch,UNRESOLVED_DESIGN,SPECIAL,SPECIAL,,,NONE,POSITION,OK
minecraft:copper_wall_torch,UNRESOLVED_DESIGN,SPECIAL,SPECIAL,,,NONE,POSITION,OK
minecraft:crafter,UNRESOLVED_DESIGN,ACCEPTED_AUTHORED,ORDINARY,150,150,PICKAXE,POSITION,OK
minecraft:creaking_heart,UNRESOLVED_DESIGN,SPECIAL,SPECIAL,,,AXE,POSITION,OK
minecraft:creeper_head,UNRESOLVED_DESIGN,ACCEPTED_AUTHORED,ORDINARY,50,50,NEUTRAL,POSITION,OK
minecraft:creeper_wall_head,UNRESOLVED_DESIGN,ACCEPTED_AUTHORED,ORDINARY,50,50,NEUTRAL,POSITION,OK
minecraft:crimson_door,UNRESOLVED_DESIGN,ACCEPTED_AUTHORED,ORDINARY,100,100,AXE,DOOR_LOWER_HALF,OK
minecraft:crimson_fence,UNRESOLVED_DESIGN,ACCEPTED_AUTHORED,ORDINARY,50,50,AXE,POSITION,OK
minecraft:crimson_fence_gate,UNRESOLVED_DESIGN,ACCEPTED_AUTHORED,ORDINARY,75,75,AXE,POSITION,OK
minecraft:crimson_hyphae,UNRESOLVED_DESIGN,ACCEPTED_AUTHORED,ORDINARY,100,100,AXE,POSITION,OK
minecraft:crimson_planks,UNRESOLVED_DESIGN,ACCEPTED_AUTHORED,ORDINARY,100,100,AXE,POSITION,OK
minecraft:crimson_shelf,UNRESOLVED_DESIGN,ACCEPTED_AUTHORED,ORDINARY,100,100,AXE,POSITION,OK
minecraft:crimson_slab,UNRESOLVED_DESIGN,ACCEPTED_AUTHORED,ORDINARY,50,100|50,AXE,POSITION,OK
minecraft:crimson_stairs,UNRESOLVED_DESIGN,ACCEPTED_AUTHORED,ORDINARY,75,75,AXE,POSITION,OK
minecraft:crimson_stem,UNRESOLVED_DESIGN,ACCEPTED_AUTHORED,ORDINARY,100,100,AXE,POSITION,OK
minecraft:crimson_trapdoor,UNRESOLVED_DESIGN,ACCEPTED_AUTHORED,ORDINARY,50,50,AXE,POSITION,OK
minecraft:dark_oak_shelf,UNRESOLVED_DESIGN,ACCEPTED_AUTHORED,ORDINARY,100,100,AXE,POSITION,OK
minecraft:dirt_path,UNRESOLVED_DESIGN,ACCEPTED_AUTHORED,ORDINARY,100,100,SHOVEL,POSITION,OK
minecraft:dragon_head,UNRESOLVED_DESIGN,ACCEPTED_AUTHORED,ORDINARY,50,50,NEUTRAL,POSITION,OK
minecraft:dragon_wall_head,UNRESOLVED_DESIGN,ACCEPTED_AUTHORED,ORDINARY,50,50,NEUTRAL,POSITION,OK
minecraft:dried_ghast,UNRESOLVED_DESIGN,SPECIAL,SPECIAL,,,NONE,POSITION,OK
minecraft:exposed_copper_bars,UNRESOLVED_DESIGN,ACCEPTED_AUTHORED,ORDINARY,100,100,PICKAXE,POSITION,OK
minecraft:exposed_copper_bulb,UNRESOLVED_DESIGN,ACCEPTED_AUTHORED,ORDINARY,150,150,PICKAXE,POSITION,OK
minecraft:exposed_copper_chain,UNRESOLVED_DESIGN,ACCEPTED_AUTHORED,ORDINARY,50,50,PICKAXE,POSITION,OK
minecraft:exposed_copper_chest,UNRESOLVED_DESIGN,ACCEPTED_AUTHORED,ORDINARY,150,150,PICKAXE,POSITION,OK
minecraft:exposed_copper_golem_statue,UNRESOLVED_DESIGN,ACCEPTED_AUTHORED,ORDINARY,150,150,PICKAXE,POSITION,OK
minecraft:exposed_copper_lantern,UNRESOLVED_DESIGN,ACCEPTED_AUTHORED,ORDINARY,75,75,PICKAXE,POSITION,OK
minecraft:exposed_lightning_rod,UNRESOLVED_DESIGN,ACCEPTED_AUTHORED,ORDINARY,75,75,PICKAXE,POSITION,OK
minecraft:farmland,UNRESOLVED_DESIGN,ACCEPTED_AUTHORED,ORDINARY,100,100,SHOVEL,POSITION,OK
minecraft:fire,UNRESOLVED_DESIGN,SPECIAL,SPECIAL,,,NONE,POSITION,OK
minecraft:firefly_bush,UNRESOLVED_DESIGN,SPECIAL,SPECIAL,,,NONE,POSITION,OK
minecraft:frosted_ice,UNRESOLVED_DESIGN,SPECIAL,SPECIAL,,,NONE,POSITION,OK
minecraft:glow_lichen,UNRESOLVED_DESIGN,SPECIAL,SPECIAL,,,AXE,POSITION,OK
minecraft:hanging_roots,UNRESOLVED_DESIGN,SPECIAL,SPECIAL,,,NONE,POSITION,OK
minecraft:heavy_core,UNRESOLVED_DESIGN,ACCEPTED_AUTHORED,ORDINARY,600,600,PICKAXE,POSITION,OK
minecraft:jungle_shelf,UNRESOLVED_DESIGN,ACCEPTED_AUTHORED,ORDINARY,100,100,AXE,POSITION,OK
minecraft:leaf_litter,UNRESOLVED_DESIGN,SPECIAL,SPECIAL,,,NONE,POSITION,OK
minecraft:mangrove_roots,UNRESOLVED_DESIGN,ACCEPTED_AUTHORED,ORDINARY,50,50,AXE,POSITION,OK
minecraft:mangrove_shelf,UNRESOLVED_DESIGN,ACCEPTED_AUTHORED,ORDINARY,100,100,AXE,POSITION,OK
minecraft:moss_carpet,UNRESOLVED_DESIGN,SPECIAL,SPECIAL,,,HOE,POSITION,OK
minecraft:muddy_mangrove_roots,UNRESOLVED_DESIGN,ACCEPTED_AUTHORED,ORDINARY,100,100,SHOVEL,POSITION,OK
minecraft:mycelium,UNRESOLVED_DESIGN,ACCEPTED_AUTHORED,ORDINARY,100,100,SHOVEL,POSITION,OK
minecraft:oak_shelf,UNRESOLVED_DESIGN,ACCEPTED_AUTHORED,ORDINARY,100,100,AXE,POSITION,OK
minecraft:oxidized_copper_bars,UNRESOLVED_DESIGN,ACCEPTED_AUTHORED,ORDINARY,100,100,PICKAXE,POSITION,OK
minecraft:oxidized_copper_bulb,UNRESOLVED_DESIGN,ACCEPTED_AUTHORED,ORDINARY,150,150,PICKAXE,POSITION,OK
minecraft:oxidized_copper_chain,UNRESOLVED_DESIGN,ACCEPTED_AUTHORED,ORDINARY,50,50,PICKAXE,POSITION,OK
minecraft:oxidized_copper_chest,UNRESOLVED_DESIGN,ACCEPTED_AUTHORED,ORDINARY,150,150,PICKAXE,POSITION,OK
minecraft:oxidized_copper_golem_statue,UNRESOLVED_DESIGN,ACCEPTED_AUTHORED,ORDINARY,150,150,PICKAXE,POSITION,OK
minecraft:oxidized_copper_lantern,UNRESOLVED_DESIGN,ACCEPTED_AUTHORED,ORDINARY,75,75,PICKAXE,POSITION,OK
minecraft:oxidized_lightning_rod,UNRESOLVED_DESIGN,ACCEPTED_AUTHORED,ORDINARY,75,75,PICKAXE,POSITION,OK
minecraft:pale_hanging_moss,UNRESOLVED_DESIGN,SPECIAL,SPECIAL,,,NONE,POSITION,OK
minecraft:pale_moss_block,UNRESOLVED_DESIGN,ACCEPTED_AUTHORED,ORDINARY,50,50,HOE,POSITION,OK
minecraft:pale_moss_carpet,UNRESOLVED_DESIGN,SPECIAL,SPECIAL,,,HOE,POSITION,OK
minecraft:pale_oak_shelf,UNRESOLVED_DESIGN,ACCEPTED_AUTHORED,ORDINARY,100,100,AXE,POSITION,OK
minecraft:petrified_oak_slab,UNRESOLVED_DESIGN,ACCEPTED_AUTHORED,ORDINARY,50,100|50,PICKAXE,POSITION,OK
minecraft:piglin_head,UNRESOLVED_DESIGN,ACCEPTED_AUTHORED,ORDINARY,50,50,NEUTRAL,POSITION,OK
minecraft:piglin_wall_head,UNRESOLVED_DESIGN,ACCEPTED_AUTHORED,ORDINARY,50,50,NEUTRAL,POSITION,OK
minecraft:player_head,UNRESOLVED_DESIGN,ACCEPTED_AUTHORED,ORDINARY,50,50,NEUTRAL,POSITION,OK
minecraft:player_wall_head,UNRESOLVED_DESIGN,ACCEPTED_AUTHORED,ORDINARY,50,50,NEUTRAL,POSITION,OK
minecraft:podzol,UNRESOLVED_DESIGN,ACCEPTED_AUTHORED,ORDINARY,100,100,SHOVEL,POSITION,OK
minecraft:polished_cinnabar,UNRESOLVED_DESIGN,ACCEPTED_AUTHORED,ORDINARY,100,100,PICKAXE,POSITION,OK
minecraft:polished_cinnabar_slab,UNRESOLVED_DESIGN,ACCEPTED_AUTHORED,ORDINARY,50,100|50,PICKAXE,POSITION,OK
minecraft:polished_cinnabar_stairs,UNRESOLVED_DESIGN,ACCEPTED_AUTHORED,ORDINARY,75,75,PICKAXE,POSITION,OK
minecraft:polished_cinnabar_wall,UNRESOLVED_DESIGN,ACCEPTED_AUTHORED,ORDINARY,75,75,PICKAXE,POSITION,OK
minecraft:polished_sulfur,UNRESOLVED_DESIGN,ACCEPTED_AUTHORED,ORDINARY,100,100,PICKAXE,POSITION,OK
minecraft:polished_sulfur_slab,UNRESOLVED_DESIGN,ACCEPTED_AUTHORED,ORDINARY,50,100|50,PICKAXE,POSITION,OK
minecraft:polished_sulfur_stairs,UNRESOLVED_DESIGN,ACCEPTED_AUTHORED,ORDINARY,75,75,PICKAXE,POSITION,OK
minecraft:polished_sulfur_wall,UNRESOLVED_DESIGN,ACCEPTED_AUTHORED,ORDINARY,75,75,PICKAXE,POSITION,OK
minecraft:potent_sulfur,UNRESOLVED_DESIGN,ACCEPTED_AUTHORED,ORDINARY,100,100,PICKAXE,POSITION,OK
minecraft:red_sandstone_wall,UNRESOLVED_DESIGN,ACCEPTED_AUTHORED,ORDINARY,75,75,PICKAXE,POSITION,OK
minecraft:resin_block,UNRESOLVED_DESIGN,SPECIAL,SPECIAL,,,NONE,POSITION,OK
minecraft:resin_brick_slab,UNRESOLVED_DESIGN,ACCEPTED_AUTHORED,ORDINARY,75,150|75,PICKAXE,POSITION,OK
minecraft:resin_brick_stairs,UNRESOLVED_DESIGN,ACCEPTED_AUTHORED,ORDINARY,115,115,PICKAXE,POSITION,OK
minecraft:resin_brick_wall,UNRESOLVED_DESIGN,ACCEPTED_AUTHORED,ORDINARY,115,115,PICKAXE,POSITION,OK
minecraft:resin_bricks,UNRESOLVED_DESIGN,ACCEPTED_AUTHORED,ORDINARY,150,150,PICKAXE,POSITION,OK
minecraft:resin_clump,UNRESOLVED_DESIGN,SPECIAL,SPECIAL,,,NONE,POSITION,OK
minecraft:rooted_dirt,UNRESOLVED_DESIGN,ACCEPTED_AUTHORED,ORDINARY,100,100,SHOVEL,POSITION,OK
minecraft:sandstone_wall,UNRESOLVED_DESIGN,ACCEPTED_AUTHORED,ORDINARY,75,75,PICKAXE,POSITION,OK
minecraft:sea_pickle,UNRESOLVED_DESIGN,SPECIAL,SPECIAL,,,NONE,POSITION,OK
minecraft:skeleton_skull,UNRESOLVED_DESIGN,ACCEPTED_AUTHORED,ORDINARY,50,50,NEUTRAL,POSITION,OK
minecraft:skeleton_wall_skull,UNRESOLVED_DESIGN,ACCEPTED_AUTHORED,ORDINARY,50,50,NEUTRAL,POSITION,OK
minecraft:small_dripleaf,UNRESOLVED_DESIGN,SPECIAL,SPECIAL,,,NONE,POSITION,OK
minecraft:soul_fire,UNRESOLVED_DESIGN,SPECIAL,SPECIAL,,,NONE,POSITION,OK
minecraft:spore_blossom,UNRESOLVED_DESIGN,SPECIAL,SPECIAL,,,NONE,POSITION,OK
minecraft:spruce_shelf,UNRESOLVED_DESIGN,ACCEPTED_AUTHORED,ORDINARY,100,100,AXE,POSITION,OK
minecraft:stripped_crimson_hyphae,UNRESOLVED_DESIGN,ACCEPTED_AUTHORED,ORDINARY,100,100,AXE,POSITION,OK
minecraft:stripped_crimson_stem,UNRESOLVED_DESIGN,ACCEPTED_AUTHORED,ORDINARY,100,100,AXE,POSITION,OK
minecraft:stripped_warped_hyphae,UNRESOLVED_DESIGN,ACCEPTED_AUTHORED,ORDINARY,100,100,AXE,POSITION,OK
minecraft:stripped_warped_stem,UNRESOLVED_DESIGN,ACCEPTED_AUTHORED,ORDINARY,100,100,AXE,POSITION,OK
minecraft:structure_void,UNRESOLVED_DESIGN,SPECIAL,SPECIAL,,,NONE,POSITION,OK
minecraft:sulfur,UNRESOLVED_DESIGN,ACCEPTED_AUTHORED,ORDINARY,100,100,PICKAXE,POSITION,OK
minecraft:sulfur_brick_slab,UNRESOLVED_DESIGN,ACCEPTED_AUTHORED,ORDINARY,75,150|75,PICKAXE,POSITION,OK
minecraft:sulfur_brick_stairs,UNRESOLVED_DESIGN,ACCEPTED_AUTHORED,ORDINARY,115,115,PICKAXE,POSITION,OK
minecraft:sulfur_brick_wall,UNRESOLVED_DESIGN,ACCEPTED_AUTHORED,ORDINARY,115,115,PICKAXE,POSITION,OK
minecraft:sulfur_bricks,UNRESOLVED_DESIGN,ACCEPTED_AUTHORED,ORDINARY,150,150,PICKAXE,POSITION,OK
minecraft:sulfur_slab,UNRESOLVED_DESIGN,ACCEPTED_AUTHORED,ORDINARY,50,100|50,PICKAXE,POSITION,OK
minecraft:sulfur_spike,UNRESOLVED_DESIGN,SPECIAL,SPECIAL,,,PICKAXE,POSITION,OK
minecraft:sulfur_stairs,UNRESOLVED_DESIGN,ACCEPTED_AUTHORED,ORDINARY,75,75,PICKAXE,POSITION,OK
minecraft:sulfur_wall,UNRESOLVED_DESIGN,ACCEPTED_AUTHORED,ORDINARY,75,75,PICKAXE,POSITION,OK
minecraft:suspicious_gravel,UNRESOLVED_DESIGN,SPECIAL,SPECIAL,,,SHOVEL,POSITION,OK
minecraft:suspicious_sand,UNRESOLVED_DESIGN,SPECIAL,SPECIAL,,,SHOVEL,POSITION,OK
minecraft:warped_door,UNRESOLVED_DESIGN,ACCEPTED_AUTHORED,ORDINARY,100,100,AXE,DOOR_LOWER_HALF,OK
minecraft:warped_fence,UNRESOLVED_DESIGN,ACCEPTED_AUTHORED,ORDINARY,50,50,AXE,POSITION,OK
minecraft:warped_fence_gate,UNRESOLVED_DESIGN,ACCEPTED_AUTHORED,ORDINARY,75,75,AXE,POSITION,OK
minecraft:warped_hyphae,UNRESOLVED_DESIGN,ACCEPTED_AUTHORED,ORDINARY,100,100,AXE,POSITION,OK
minecraft:warped_planks,UNRESOLVED_DESIGN,ACCEPTED_AUTHORED,ORDINARY,100,100,AXE,POSITION,OK
minecraft:warped_shelf,UNRESOLVED_DESIGN,ACCEPTED_AUTHORED,ORDINARY,100,100,AXE,POSITION,OK
minecraft:warped_slab,UNRESOLVED_DESIGN,ACCEPTED_AUTHORED,ORDINARY,50,100|50,AXE,POSITION,OK
minecraft:warped_stairs,UNRESOLVED_DESIGN,ACCEPTED_AUTHORED,ORDINARY,75,75,AXE,POSITION,OK
minecraft:warped_stem,UNRESOLVED_DESIGN,ACCEPTED_AUTHORED,ORDINARY,100,100,AXE,POSITION,OK
minecraft:warped_trapdoor,UNRESOLVED_DESIGN,ACCEPTED_AUTHORED,ORDINARY,50,50,AXE,POSITION,OK
minecraft:waxed_copper_bars,UNRESOLVED_DESIGN,ACCEPTED_AUTHORED,ORDINARY,100,100,PICKAXE,POSITION,OK
minecraft:waxed_copper_bulb,UNRESOLVED_DESIGN,ACCEPTED_AUTHORED,ORDINARY,150,150,PICKAXE,POSITION,OK
minecraft:waxed_copper_chain,UNRESOLVED_DESIGN,ACCEPTED_AUTHORED,ORDINARY,50,50,PICKAXE,POSITION,OK
minecraft:waxed_copper_chest,UNRESOLVED_DESIGN,ACCEPTED_AUTHORED,ORDINARY,150,150,PICKAXE,POSITION,OK
minecraft:waxed_copper_golem_statue,UNRESOLVED_DESIGN,ACCEPTED_AUTHORED,ORDINARY,150,150,PICKAXE,POSITION,OK
minecraft:waxed_copper_lantern,UNRESOLVED_DESIGN,ACCEPTED_AUTHORED,ORDINARY,75,75,PICKAXE,POSITION,OK
minecraft:waxed_exposed_copper_bars,UNRESOLVED_DESIGN,ACCEPTED_AUTHORED,ORDINARY,100,100,PICKAXE,POSITION,OK
minecraft:waxed_exposed_copper_bulb,UNRESOLVED_DESIGN,ACCEPTED_AUTHORED,ORDINARY,150,150,PICKAXE,POSITION,OK
minecraft:waxed_exposed_copper_chain,UNRESOLVED_DESIGN,ACCEPTED_AUTHORED,ORDINARY,50,50,PICKAXE,POSITION,OK
minecraft:waxed_exposed_copper_chest,UNRESOLVED_DESIGN,ACCEPTED_AUTHORED,ORDINARY,150,150,PICKAXE,POSITION,OK
minecraft:waxed_exposed_copper_golem_statue,UNRESOLVED_DESIGN,ACCEPTED_AUTHORED,ORDINARY,150,150,PICKAXE,POSITION,OK
minecraft:waxed_exposed_copper_lantern,UNRESOLVED_DESIGN,ACCEPTED_AUTHORED,ORDINARY,75,75,PICKAXE,POSITION,OK
minecraft:waxed_exposed_lightning_rod,UNRESOLVED_DESIGN,ACCEPTED_AUTHORED,ORDINARY,75,75,PICKAXE,POSITION,OK
minecraft:waxed_lightning_rod,UNRESOLVED_DESIGN,ACCEPTED_AUTHORED,ORDINARY,75,75,PICKAXE,POSITION,OK
minecraft:waxed_oxidized_copper_bars,UNRESOLVED_DESIGN,ACCEPTED_AUTHORED,ORDINARY,100,100,PICKAXE,POSITION,OK
minecraft:waxed_oxidized_copper_bulb,UNRESOLVED_DESIGN,ACCEPTED_AUTHORED,ORDINARY,150,150,PICKAXE,POSITION,OK
minecraft:waxed_oxidized_copper_chain,UNRESOLVED_DESIGN,ACCEPTED_AUTHORED,ORDINARY,50,50,PICKAXE,POSITION,OK
minecraft:waxed_oxidized_copper_chest,UNRESOLVED_DESIGN,ACCEPTED_AUTHORED,ORDINARY,150,150,PICKAXE,POSITION,OK
minecraft:waxed_oxidized_copper_golem_statue,UNRESOLVED_DESIGN,ACCEPTED_AUTHORED,ORDINARY,150,150,PICKAXE,POSITION,OK
minecraft:waxed_oxidized_copper_lantern,UNRESOLVED_DESIGN,ACCEPTED_AUTHORED,ORDINARY,75,75,PICKAXE,POSITION,OK
minecraft:waxed_oxidized_lightning_rod,UNRESOLVED_DESIGN,ACCEPTED_AUTHORED,ORDINARY,75,75,PICKAXE,POSITION,OK
minecraft:waxed_weathered_copper_bars,UNRESOLVED_DESIGN,ACCEPTED_AUTHORED,ORDINARY,100,100,PICKAXE,POSITION,OK
minecraft:waxed_weathered_copper_bulb,UNRESOLVED_DESIGN,ACCEPTED_AUTHORED,ORDINARY,150,150,PICKAXE,POSITION,OK
minecraft:waxed_weathered_copper_chain,UNRESOLVED_DESIGN,ACCEPTED_AUTHORED,ORDINARY,50,50,PICKAXE,POSITION,OK
minecraft:waxed_weathered_copper_chest,UNRESOLVED_DESIGN,ACCEPTED_AUTHORED,ORDINARY,150,150,PICKAXE,POSITION,OK
minecraft:waxed_weathered_copper_golem_statue,UNRESOLVED_DESIGN,ACCEPTED_AUTHORED,ORDINARY,150,150,PICKAXE,POSITION,OK
minecraft:waxed_weathered_copper_lantern,UNRESOLVED_DESIGN,ACCEPTED_AUTHORED,ORDINARY,75,75,PICKAXE,POSITION,OK
minecraft:waxed_weathered_lightning_rod,UNRESOLVED_DESIGN,ACCEPTED_AUTHORED,ORDINARY,75,75,PICKAXE,POSITION,OK
minecraft:weathered_copper_bars,UNRESOLVED_DESIGN,ACCEPTED_AUTHORED,ORDINARY,100,100,PICKAXE,POSITION,OK
minecraft:weathered_copper_bulb,UNRESOLVED_DESIGN,ACCEPTED_AUTHORED,ORDINARY,150,150,PICKAXE,POSITION,OK
minecraft:weathered_copper_chain,UNRESOLVED_DESIGN,ACCEPTED_AUTHORED,ORDINARY,50,50,PICKAXE,POSITION,OK
minecraft:weathered_copper_chest,UNRESOLVED_DESIGN,ACCEPTED_AUTHORED,ORDINARY,150,150,PICKAXE,POSITION,OK
minecraft:weathered_copper_golem_statue,UNRESOLVED_DESIGN,ACCEPTED_AUTHORED,ORDINARY,150,150,PICKAXE,POSITION,OK
minecraft:weathered_copper_lantern,UNRESOLVED_DESIGN,ACCEPTED_AUTHORED,ORDINARY,75,75,PICKAXE,POSITION,OK
minecraft:weathered_lightning_rod,UNRESOLVED_DESIGN,ACCEPTED_AUTHORED,ORDINARY,75,75,PICKAXE,POSITION,OK
minecraft:wither_skeleton_skull,UNRESOLVED_DESIGN,ACCEPTED_AUTHORED,ORDINARY,50,50,NEUTRAL,POSITION,OK
minecraft:wither_skeleton_wall_skull,UNRESOLVED_DESIGN,ACCEPTED_AUTHORED,ORDINARY,50,50,NEUTRAL,POSITION,OK
minecraft:zombie_head,UNRESOLVED_DESIGN,ACCEPTED_AUTHORED,ORDINARY,50,50,NEUTRAL,POSITION,OK
minecraft:zombie_wall_head,UNRESOLVED_DESIGN,ACCEPTED_AUTHORED,ORDINARY,50,50,NEUTRAL,POSITION,OK
